{"workerId":"L100-W3","rps":25,"durationSec":8,"targetFlows":200,"launched":200,"throttled":0,"completed":200,"success":48,"successRate":24,"achievedRps":23.06311465795164,"wallMs":8671.855599999999,"p50":7.746200000000044,"p95":1744.0305,"max":2025.1087,"topErrors":[{"error":"demo/start failed (429)","count":152}],"latencies":[780.0882,937.4686999999999,886.8296,892.0844000000001,948.8324,951.751,1198.4068,1366.8678,1369.7829,257.94370000000004,203.54950000000008,1469.5733000000002,218.96929999999998,220.24479999999994,1645.3645000000001,1555.9512,178.18600000000015,177.85189999999966,178.44979999999987,114.76479999999992,114.86320000000023,1525.8151,597.8453,1561.2477999999999,108.4380000000001,108.50860000000011,108.64489999999978,583.3228999999999,587.9205000000002,1671.6841000000002,1577.4524999999999,1636.9336999999998,193.07439999999997,193.60550000000012,1655.0740999999998,188.27390000000014,188.0877999999998,188.50689999999986,1760.1770999999999,1650.8557,168.61239999999998,168.7220000000002,1772.7690000000002,124.45769999999993,124.44380000000001,125.31919999999991,1665.2289000000003,1667.7334,127.64010000000007,127.48109999999997,1755.5703999999998,122.98099999999977,123.0018,1947.5557,1744.5171,100.9964,1741.1505,1742.6402,97.51879999999983,97.82729999999992,1927.2317,1727.3408000000002,1766.3078000000003,137.35400000000027,137.53459999999995,1744.0305,1748.0637,1753.7116999999998,98.07000000000016,97.98869999999988,98.1224000000002,2025.1087,72.49359999999979,72.74099999999999,26.450200000000223,26.870699999999943,27.090099999999893,765.5792999999999,696.3719000000001,82.05099999999993,83.80769999999984,618.5450999999998,7.746200000000044,7.97420000000011,8.540899999999965,5.298999999999978,5.619000000000142,6.268799999999828,6.8849999999997635,6.805199999999786,5.106500000000324,5.501099999999951,7.295100000000275,7.356099999999969,66.46849999999995,6.380900000000111,51.671400000000176,7.737600000000384,7.411200000000463,7.53690000000006,5.798899999999776,5.584100000000035,10.726599999999962,10.549200000000383,11.189799999999195,4.634600000000319,4.5382999999992535,6.782200000000557,8.584099999999125,51.48280000000068,9.458300000000236,9.33179999999993,3.650399999999536,3.470999999999549,3.827400000000125,3.667399999999361,3.801900000000387,3.1828999999997905,3.560500000000502,3.8022000000000844,3.25420000000031,3.1937000000007174,4.465299999999843,4.102600000000166,5.498499999999694,3.053399999999783,4.563799999999901,4.383499999999913,4.120200000000295,4.10740000000078,2.7626000000000204,2.800699999999779,5.634599999999409,5.968500000000859,52.38919999999962,3.80619999999999,3.871999999999389,5.345699999999852,5.002400000000307,4.826699999999619,5.3270000000002256,67.02779999999984,3.990600000000086,3.7280999999993583,3.922599999999875,3.5153000000000247,4.112200000000485,5.319300000000112,5.694599999999809,50.577399999999216,2.3276999999998225,2.391700000000128,5.029299999999239,4.433500000000095,4.687399999999798,3.4891999999999825,3.726400000000467,2.645999999999731,3.328500000000531,4.8047999999998865,2.2404999999998836,2.0435999999999694,6.8684000000002925,7.225999999999658,7.230000000000473,5.033999999999651,51.74199999999928,4.726900000000569,4.516400000000431,4.8474999999998545,2.776600000000144,2.682799999999588,4.808200000000397,4.888799999999719,51.67119999999977,5.193699999999808,6.774800000000141,7.173299999999472,7.080899999999929,6.984300000000076,3.3115999999999985,49.6893,3.777799999999843,4.3400000000001455,5.455799999999726,4.795899999999165,5.01220000000103,5.5460000000002765,5.627700000000914,5.888100000000122,5.177299999999377,4.850599999999758,3.9331999999994878,3.551899999998568,3.579599999999118,3.4091000000007625,3.4768000000003667,5.328299999999217,5.438400000000911,50.69750000000022]}