{"workerId":"L100-W2","rps":25,"durationSec":8,"targetFlows":200,"launched":200,"throttled":0,"completed":200,"success":47,"successRate":23.5,"achievedRps":23.097013925651634,"wallMs":8659.128,"p50":10.63380000000052,"p95":1737.2609,"max":1860.7339,"topErrors":[{"error":"demo/start failed (429)","count":153}],"latencies":[652.639,921.4599,894.4921999999999,896.5058,898.5656,959.8707999999999,1364.0248,1341.7938,258.25160000000005,257.90149999999994,201.44230000000016,201.3320000000001,201.6011000000001,1467.4879999999998,216.3492000000001,216.7782000000002,1653.3686,1653.3491000000001,181.3481999999999,181.34209999999985,181.60989999999993,115.84999999999991,1532.5247,1569.7710000000002,110.29589999999962,111.63869999999997,111.69640000000027,1778.6239999999998,1688.6941000000002,192.07850000000008,192.1550000000002,1731.2870999999998,1734.5252,1649.0242999999998,1652.0375000000001,1654.9486,175.0353,174.68849999999975,175.29919999999993,171.3543999999997,172.1014,123.0664999999999,125.94860000000017,126.51540000000023,1745.3023000000003,1762.4675000000002,1678.8966,1680.1697,133.70209999999997,1661.4182,1662.9946000000002,121.00739999999996,121.50329999999985,122.02590000000009,1860.7339,101.82009999999991,103.61439999999993,1737.2609,1739.9104000000002,1742.7962000000002,103.20429999999988,104.85010000000011,105.30270000000019,1716.9464999999998,1767.7088999999999,143.8114999999998,1744.2264000000002,1747.4387000000002,1749.4278000000002,100.28179999999975,100.58849999999984,101.73209999999972,1307.5058000000004,71.89519999999993,72.21590000000015,54.91429999999991,56.1558,60.02500000000009,820.8670000000002,69.2831000000001,70.17279999999982,535.9953,11.696100000000115,11.534799999999905,11.621200000000044,7.356499999999869,7.105200000000423,4.853599999999915,4.594600000000355,5.2970000000000255,3.7744000000002416,4.690700000000106,5.622099999999591,8.987199999999575,10.100199999999859,3.032199999999648,2.9904999999998836,4.633300000000418,4.397600000000239,4.826199999999517,4.408499999999549,5.771499999999833,10.63380000000052,11.585900000000038,11.993599999999788,4.598700000000463,4.940900000000511,4.905099999999948,4.571800000000621,4.6052000000008775,24.667599999999766,70.76919999999973,3.1532999999999447,3.9314000000003944,3.9452000000001135,3.40940000000046,3.949999999999818,6.4975000000004,6.360200000000077,51.433100000000195,3.714299999999639,4.04529999999977,4.804200000000492,4.808899999999994,5.478800000000774,4.871299999999792,50.40479999999934,3.412699999999859,3.8059999999995853,4.4266999999999825,3.126800000000003,3.020499999999629,4.749399999999696,5.13550000000032,5.610999999999876,3.136800000000221,2.8753999999998996,4.285399999999754,3.6197000000001935,3.4080000000003565,3.400399999999536,3.267399999999725,5.140400000000227,5.372299999999996,50.878200000000106,3.454099999999926,3.41399999999976,4.549599999999373,4.659499999999753,5.23700000000008,4.6908000000003085,35.852499999999964,4.497499999999491,4.380400000000009,4.429500000000189,2.666200000000572,2.7582000000002154,6.570499999999811,6.6401999999998225,51.302999999999884,3.5645000000004075,3.4230999999999767,3.8713000000007014,4.489299999999275,4.726999999999862,3.011899999999514,3.0527000000001863,3.8121000000001004,3.455300000000534,4.264699999999721,3.3850000000002183,3.01470000000063,5.158100000000559,5.090500000000247,4.959399999999732,5.628099999999904,50.712399999999434,19.962899999999536,20.096800000000258,20.384299999999712,3.8512000000000626,3.5483000000003813,5.717899999999645,5.605399999999463,52.384400000000824,4.455500000000029,4.025100000000748,3.9179000000003725,3.4660000000003492,3.460399999999936,5.428200000000288,50.462499999999636,4.018299999999726,4.261699999999109,5.429599999999482,3.861699999999473,3.7793000000001484,6.082999999998719,6.02940000000126,6.149100000000544]}