{"workerId":"L100-W1","rps":25,"durationSec":8,"targetFlows":200,"launched":200,"throttled":0,"completed":200,"success":88,"successRate":44,"achievedRps":23.06101408157407,"wallMs":8672.6455,"p50":51.54190000000017,"p95":1701.6426,"max":2095.5771999999997,"topErrors":[{"error":"demo/start failed (429)","count":112}],"latencies":[630.962,668.1303,721.7583,724.1980000000001,871.9551,981.3028999999999,982.462,1089.4005,1089.0353,261.20730000000003,214.53089999999975,214.6563000000001,1471.69,1667.1785,189.95929999999998,190.1609999999996,113.82569999999987,113.69470000000001,1638.0758,1538.3086,114.78520000000026,115.00849999999991,1697.5609000000002,1701.6426,1607.0551,1666.7121,190.96630000000005,1641.1113,1677.1515,203.39540000000034,203.5933,156.73880000000008,1655.3768000000002,1673.4764000000002,127.24289999999974,127.76869999999963,1684.1323999999997,1684.3509999999999,1686.9886,129.8986,130.08339999999998,1680.5168,1683.3268999999998,119.21709999999985,119.64750000000004,121.04179999999997,2095.5771999999997,109.3756000000003,109.75070000000005,1752.9418999999998,1756.1288,94.90000000000009,95.13120000000026,96.10570000000007,1728.6496999999997,1729.5566000000001,134.39060000000018,1739.4422000000002,1745.8920999999998,1747.093,88.81710000000021,89.37379999999985,90.24609999999984,2037.2636,1616.5638000000001,1515.9839000000002,1412.5081,69.06050000000005,69.02500000000009,1233.9771,1774.0330000000001,1563.7957,1138.145,1041.5853000000002,962.0266999999999,854.5678000000003,25.20679999999993,26.00859999999966,83.24240000000009,10.699600000000373,11.029200000000401,11.84439999999995,573.2443999999996,289.0358000000001,181.62040000000025,5.277000000000044,51.91390000000001,5.270899999999983,5.363700000000335,51.72420000000011,4.627599999999802,51.192099999999755,9.119899999999689,9.08770000000004,10.009100000000217,6.572400000000016,7.154399999999441,6.120200000000295,6.277599999999438,52.03229999999985,4.704899999999725,51.82420000000002,8.68369999999959,65.86189999999988,68.66669999999976,4.546400000000176,50.15219999999954,5.710900000000038,5.838999999999942,7.456300000000738,5.254399999999805,83.78989999999976,5.153999999999542,5.271099999999933,52.83169999999973,9.61620000000039,50.70759999999973,5.689099999999598,5.570999999999913,51.62740000000031,4.9661000000005515,50.42950000000019,5.0888999999997395,5.53229999999985,53.28790000000026,4.704999999999927,51.54190000000017,4.741399999999885,4.861300000000483,52.448600000000624,6.069300000000112,51.976700000000164,5.418599999999969,5.471000000000458,51.515300000000025,5.196900000000824,51.559799999999996,4.890599999999722,4.994499999999789,51.0637999999999,5.441499999999905,65.09560000000056,2.4660000000003492,2.188799999999901,2.475000000000364,5.481499999999869,48.91979999999967,5.137799999999515,5.085700000000543,53.93260000000009,2.478399999999965,2.4112999999997555,5.774500000000444,6.08809999999994,50.619400000000496,4.7193999999999505,51.467499999999745,6.789800000000469,7.010700000000725,51.44130000000041,4.951900000000023,51.45719999999983,5.031300000000556,4.987100000000282,52.975499999999556,4.655699999999342,52.172999999999774,5.399199999999837,5.571899999999914,50.056400000000394,5.444899999999507,51.176000000000386,6.886799999999312,7.046499999999469,51.104200000000674,2.6500999999998385,2.441100000000006,33.939400000000205,33.822299999999814,84.05389999999989,5.001999999999498,51.103399999999965,2.511500000000524,2.1792999999997846,2.6365999999998166,5.039099999999962,50.27230000000054,4.681900000001406,4.7097000000012486,50.03820000000087,5.100200000000768,51.206599999999526,4.4466999999986,4.360000000000582,50.53799999999865,5.698500000000422,52.38000000000102,5.7450000000008,6.172899999999572,52.17439999999988]}