{"workerId":"L100-W4","rps":25,"durationSec":8,"targetFlows":200,"launched":200,"throttled":0,"completed":200,"success":39,"successRate":19.5,"achievedRps":23.14940127025163,"wallMs":8639.5323,"p50":6.671699999999873,"p95":1750.2123000000001,"max":2013.8459000000003,"topErrors":[{"error":"demo/start failed (429)","count":161}],"latencies":[819.2551000000001,933.8577,864.9088000000002,865.7837,998.6311000000001,1154.4850000000001,1430.4503,486.9216000000001,1356.4677000000001,253.6488999999999,253.54359999999997,1447.284,201.70900000000006,202.28089999999975,1541.4066000000003,210.47190000000023,211.5310999999997,1527.4990000000003,1529.1396,167.64710000000014,167.5257999999999,167.90890000000036,116.01659999999993,116.46199999999999,1535.3134999999997,1537.4469000000001,108.3701000000001,108.79359999999997,109.53610000000026,1607.3426,574.5604000000001,188.17869999999994,188.29220000000032,1693.9263999999998,1697.5919,177.47130000000016,177.57429999999977,178.69800000000032,1629.2051000000001,1741.1437,1744.2712999999999,1748.0243999999998,169.5608000000002,170.88200000000006,148.1268,148.42729999999983,130.9444999999996,130.96349999999984,1746.8562000000002,1750.2123000000001,1752.0142999999998,125.60400000000027,126.8707000000004,126.99810000000025,1935.1910999999998,1735.1553000000001,107.1591999999996,107.48630000000003,1819.2223,104.70129999999972,104.77340000000004,105.57560000000012,1753.5393,1819.1336,148.67309999999998,148.99199999999973,1790.8657999999998,101.63650000000007,105.64069999999992,1800.4167,2009.6548000000003,2013.8459000000003,1847.2365999999997,66.67990000000009,64.6279999999997,848.0203000000001,71.86810000000014,76.86270000000013,68.51909999999998,68.46709999999985,14.62350000000015,14.354800000000068,14.237099999999828,432.65099999999984,255.0318000000002,5.742400000000089,49.553899999999885,4.355200000000423,4.953100000000177,5.462300000000141,4.513899999999921,5.146299999999883,4.357099999999264,9.189300000000003,65.25460000000021,5.10109999999986,5.398000000000138,6.476200000000063,6.436200000000099,7.0505999999995765,5.1773999999995794,5.041000000000167,8.487900000000081,8.649900000000343,10.801400000000285,3.5132999999996173,4.597700000000259,2.854500000000371,3.2007000000003245,3.626800000000003,10.168099999999868,10.972799999999552,6.214399999999841,6.0547999999998865,6.090099999999438,2.8419000000003507,2.6932999999999083,6.4265000000004875,6.69170000000031,6.674699999999575,5.171699999999873,6.748099999999795,3.3299999999999272,4.705399999999827,4.85109999999986,5.3851000000004206,5.646099999999933,3.2646999999997206,3.0702000000001135,3.079899999999725,3.7237999999997555,3.3717999999998938,5.522399999999834,5.6340000000000146,6.671699999999873,2.3891999999996187,2.2033999999994194,3.1049000000002707,3.2608999999993102,4.013600000000224,5.410100000000057,5.777600000000348,5.8443999999999505,6.017499999999927,6.640900000000329,2.934400000000096,3.1301000000003114,3.1840000000001965,3.285399999999754,3.6096999999999753,3.8443000000006577,3.6849999999994907,4.24579999999969,4.888100000000122,5.408499999999549,2.6552999999994427,2.2731999999996333,3.395599999999831,4.117799999999988,5.465099999999438,3.2727999999997337,3.089799999999741,3.5225000000000364,4.177400000000489,5.986199999999371,4.889600000000428,5.016900000000533,3.085900000000038,2.832399999999325,3.4372999999995955,4.040200000000368,3.645900000000438,6.033100000000559,7.0572000000001935,7.097200000000157,6.287000000000262,6.112999999999374,5.764199999999619,6.062699999999495,6.443299999999908,3.641899999999623,3.7125999999998385,4.359300000000076,4.825900000000729,5.723100000000159,3.0554000000011,3.0113000000001193,3.099900000001071,3.4413000000004104,3.9526999999998225,3.109200000000783,2.944900000000416,4.809499999999389,4.79529999999977,5.152000000000044,5.369199999999182,7.212700000000041,3.0995999999995547,3.0421000000005733,3.1611999999986438]}