{"workerId":"L20-W1","rps":10,"durationSec":4,"targetFlows":40,"launched":40,"throttled":0,"completed":40,"success":40,"successRate":100,"achievedRps":9.143483079584534,"wallMs":4374.7005,"p50":52.19120000000021,"p95":103.2695,"max":238.4858,"topErrors":[],"latencies":[238.4858,155.58640000000003,103.2695,77.03640000000007,68.4944999999999,67.91160000000002,69.7455000000001,53.17780000000005,52.4221,52.361500000000206,56.49169999999981,56.3886,52.98610000000008,53.35349999999994,51.84680000000003,52.54319999999984,52.52040000000011,51.53800000000001,51.23099999999977,52.19120000000021,50.50520000000006,51.516999999999825,59.203599999999824,50.53269999999975,51.02930000000015,51.60069999999996,53.90989999999965,50.932900000000245,51.33309999999983,52.01330000000007,50.945900000000165,50.82289999999966,51.449699999999666,51.36740000000009,51.26440000000002,50.915300000000116,52.101300000000265,52.83339999999953,53.055199999999786,49.9992000000002]}