{"workerId":"L20-W2","rps":10,"durationSec":4,"targetFlows":40,"launched":40,"throttled":0,"completed":40,"success":40,"successRate":100,"achievedRps":9.176194309217928,"wallMs":4359.1056,"p50":52.425500000000056,"p95":110.81459999999998,"max":228.5979,"topErrors":[],"latencies":[228.5979,146.25420000000003,110.81459999999998,81.18889999999999,67.83030000000008,67.89710000000002,70.30580000000009,70.47070000000008,52.425500000000056,53.24540000000002,73.3146999999999,69.36940000000004,50.547799999999825,51.799600000000055,53.048,51.77220000000011,51.966899999999896,53.110499999999774,51.026000000000295,52.68470000000025,51.1558,51.81150000000025,52.67290000000003,51.434799999999996,50.35579999999982,51.78060000000005,53.42159999999967,51.410699999999906,52.12440000000015,52.1840000000002,52.68719999999985,51.42380000000003,51.65650000000005,50.17769999999973,52.66909999999962,51.5001000000002,49.84349999999995,69.48300000000017,53.0034999999998,49.66960000000017]}