{"workerId":"L300-W2","rps":75,"durationSec":8,"targetFlows":600,"launched":600,"throttled":0,"completed":600,"success":44,"successRate":7.333333333333333,"achievedRps":68.76238761575647,"wallMs":8725.700499999999,"p50":8.963600000000042,"p95":64.61049999999977,"max":687.5605,"topErrors":[{"error":"demo/start failed (429)","count":556}],"latencies":[116.81469999999996,153.6802,153.98160000000001,155.6393,157.5025,157.63349999999997,159.0312,75.2543,76.21440000000007,76.57519999999994,76.67690000000005,29.114100000000008,29.224800000000073,29.466800000000035,30.365599999999972,30.545099999999934,31.161699999999996,31.4144,32.25739999999996,159.82079999999996,38.21899999999994,38.59769999999992,38.92309999999998,39.19799999999998,39.58019999999999,40.10490000000004,40.5326,549.4042,50.33699999999999,50.4144,50.59769999999992,51.446000000000026,51.558899999999994,52.365099999999984,52.83230000000003,53.4538,595.1956,596.5183999999999,597.198,605.7015,687.5605,654.6852,565.1294,53.730999999999995,53.8442,54.32569999999998,55.20029999999997,55.21990000000005,58.80250000000001,490.668,514.6622,16.94889999999998,17.269699999999943,17.679300000000012,18.003900000000044,18.68679999999995,19.453100000000063,19.747999999999934,20.226799999999912,196.43049999999994,7.092000000000098,7.32100000000014,7.263699999999972,8.426500000000033,9.387699999999995,9.700600000000122,62.285899999999856,7.453900000000203,7.49980000000005,7.732999999999947,8.919200000000046,9.643100000000004,9.951299999999947,10.491400000000112,67.25430000000006,7.473199999999906,7.519900000000007,7.625800000000027,8.180699999999888,8.489499999999907,8.729100000000017,51.885499999999865,5.034599999999955,4.739100000000008,5.580899999999929,6.100400000000036,6.511899999999969,6.754999999999882,6.899000000000115,7.644399999999905,10.679799999999886,12.00610000000006,12.906799999999976,13.15520000000015,13.535499999999956,13.942599999999857,14.308100000000195,14.131900000000087,15.194899999999961,15.32179999999994,15.798500000000104,16.241600000000062,17.077099999999973,17.581499999999778,18.123100000000022,4.712400000000116,4.276700000000119,4.494200000000092,4.830699999999979,5.211499999999887,5.589499999999816,6.124900000000025,6.686400000000049,7.184799999999996,7.534599999999955,7.714799999999968,8.15020000000004,9.25890000000004,10.170899999999847,68.07360000000017,6.646799999999985,6.694299999999885,6.810600000000022,7.572200000000066,8.205699999999979,11.99310000000014,67.9556,4.242099999999937,5.093499999999949,5.627700000000004,6.598899999999958,7.239700000000084,7.8344999999999345,8.558300000000145,9.566400000000158,4.16840000000002,4.0637000000001535,4.836099999999988,5.2017000000000735,6.080599999999777,9.545200000000023,65.31169999999975,12.078799999999774,12.69860000000017,13.182099999999991,13.991500000000087,15.149900000000343,15.447200000000066,16.234500000000025,16.71479999999974,8.333000000000084,9,9.00590000000011,10.020000000000437,10.540700000000015,10.618900000000394,50.80799999999999,6.253600000000006,6.725199999999859,8.303499999999985,9.178100000000086,10.571399999999812,12.090799999999945,12.913800000000265,13.240000000000236,10.651299999999992,10.891299999999774,11.242600000000039,11.273599999999988,11.311799999999948,11.377799999999752,11.42529999999988,6.570500000000266,6.505500000000211,6.93060000000014,7.355499999999665,7.602900000000318,7.856300000000374,8.514300000000276,50.237800000000334,3.8877000000002226,4.0353000000000065,4.694500000000062,5.086299999999937,5.401000000000295,5.606700000000274,5.811799999999948,7.193299999999908,7.276800000000094,7.344800000000305,7.876800000000003,8.110400000000027,8.30749999999989,8.592999999999847,50.296499999999924,5.998199999999997,6.0625999999997475,6.305599999999686,6.494000000000142,6.661799999999857,7.084800000000087,51.36059999999998,7.23470000000043,7.39409999999998,7.54529999999977,8.680199999999786,9.329600000000028,10.040799999999763,11.0016999999998,53.319600000000264,3.389299999999821,3.633100000000013,6.912700000000314,7.214799999999741,11.028199999999742,11.697400000000016,50.535399999999754,7.5940999999997985,7.519600000000082,7.6512000000002445,7.884700000000066,8.01929999999993,8.549199999999928,8.793100000000322,52.01839999999993,6.071699999999964,6.768199999999979,7.694300000000112,8.326199999999972,8.935100000000148,9.69990000000007,54.3424,28.31800000000021,28.344300000000203,28.531800000000203,28.6279999999997,29.45010000000002,30.091100000000097,30.5011999999997,82.9094,9.82470000000012,10.193099999999959,10.011600000000271,9.975199999999859,10.754799999999705,11.324200000000019,11.56309999999985,9.62480000000005,11.112299999999777,11.552799999999934,11.974299999999857,12.151299999999992,12.39429999999993,12.593699999999899,12.815000000000055,3.4412999999999556,3.441899999999805,4.709800000000087,5.30159999999978,6.758100000000013,10.38570000000027,10.720200000000204,8.703800000000228,9.35590000000002,9.863299999999981,10.156500000000051,10.672399999999925,11.076600000000326,11.57400000000007,66.61090000000013,6.675200000000586,6.668399999999565,6.946599999999307,7.356600000000071,7.818899999999303,8.26430000000073,50.17380000000048,4.939300000000003,5.613800000000083,6.700000000000728,8.054900000000089,9.004100000000108,9.746300000000701,10.598199999999451,11.788300000000163,8.728799999999865,8.943899999999303,9.100599999999758,9.55829999999969,10.126000000000204,10.653300000000854,11.188400000000001,7.36869999999999,7.370600000000195,7.515000000000327,7.692299999999705,7.952800000000025,8.134300000000621,8.314799999999195,53.94549999999981,6.651300000000447,7.1197000000001935,8.186599999999999,9.82380000000012,11.937399999999798,12.60859999999957,12.746900000000096,7.319700000000012,7.507200000000012,7.826700000000528,8.011700000000019,8.963600000000042,9.560100000000602,10.682600000000093,51.85309999999936,8.33889999999974,8.76549999999952,9.649999999999636,9.938600000000406,10.247400000000198,10.68119999999999,10.930900000000292,7.2707000000000335,7.472600000000057,7.79320000000007,8.639599999999518,9.800100000000384,10.949200000000019,11.277900000000045,52.1243000000004,4.858799999999974,4.769499999999425,5.028299999999945,5.350300000000061,5.634299999999712,5.9693999999999505,6.345499999999447,7.255500000000211,7.504399999999805,7.656699999999546,8.039899999999761,8.173999999999978,8.43119999999999,8.68249999999989,50.70630000000074,5.6965000000000146,5.991399999999885,6.538100000000668,7.374399999999696,8.178600000000188,9.61030000000028,9.959200000000237,5.1401999999998225,5.40059999999994,6.706199999999626,7.395300000000134,8.677099999999882,9.969699999999648,11.191899999999805,11.44340000000011,6.569800000000214,6.51339999999982,8.309000000000196,9.455000000000837,10.71060000000034,11.640199999999822,13.315599999999904,11.579200000000128,11.267800000000534,11.158000000000357,11.055100000000493,11.755600000000413,12.088299999999435,12.270700000000033,12.543299999999363,4.886800000000221,4.654999999999745,8.081299999999828,8.154900000000453,8.144199999999728,8.65769999999975,8.949200000000019,6.42699999999968,6.686500000000706,8.624799999999595,9.327000000000226,10.407500000000255,11.403199999999742,12.15979999999945,52.854699999999866,5.349699999999757,5.521899999999732,5.641700000000128,5.8189000000002125,5.919399999999769,6.020500000000538,52.41120000000046,4.070400000000518,3.8040000000000873,3.9156000000002678,4.369599999999991,4.580799999999726,4.884799999999814,5.907100000000355,6.476799999999457,5.197500000000218,5.154899999999543,5.390899999999419,5.5405000000000655,5.75,6.056500000000597,50.84220000000005,6.585300000000643,6.8736999999991895,7.131099999999606,7.407099999999446,8.348699999999553,8.569800000000214,9.277499999999236,49.91139999999996,6.822299999999814,6.828499999999622,6.992500000000291,8.731199999999262,9.64849999999933,11.037199999999757,51.33899999999994,10.42830000000049,10.177099999999882,10.20679999999993,10.321399999999812,10.400300000000243,