{"workerId":"L300-W1","rps":75,"durationSec":8,"targetFlows":600,"launched":600,"throttled":0,"completed":600,"success":30,"successRate":5,"achievedRps":68.76149792522493,"wallMs":8725.813400000001,"p50":10.13130000000001,"p95":52.79489999999987,"max":726.7496000000001,"topErrors":[{"error":"demo/start failed (429)","count":570}],"latencies":[110.6028,120.26600000000002,155.95529999999997,157.14909999999998,159.75009999999997,160.548,160.8308,160.4414,76.6372,76.52050000000008,76.03490000000005,75.69080000000002,75.26120000000003,74.97029999999995,26.61139999999989,26.756099999999947,26.943899999999985,26.976800000000026,27.126199999999926,27.839900000000057,28.10080000000005,29.145200000000045,157.06049999999993,35.2648999999999,35.18540000000007,35.45060000000001,35.72969999999998,35.981399999999894,36.052599999999984,547.9917,549.0307,551.6346000000001,47.6511999999999,47.81849999999997,48.02019999999993,48.29989999999998,48.503799999999956,46.81129999999996,46.850799999999936,600.4263,603.948,613.203,726.7496000000001,52.25,52.334299999999985,52.60889999999995,53.60450000000003,54.23560000000009,54.525999999999954,54.819900000000075,9.490000000000009,9.941900000000032,9.948599999999942,10.159800000000018,10.93360000000007,11.623500000000035,13.052900000000022,13.920499999999947,349.8773,281.773,7.63149999999996,8.97810000000004,9.992600000000039,11.604100000000017,14.858099999999922,15.683099999999968,16.61329999999998,13.423099999999977,14.105999999999995,14.64449999999988,14.937400000000025,15.669800000000123,16.37130000000002,16.777399999999943,17.20620000000008,11.561299999999846,11.423000000000002,11.717200000000048,12.05840000000012,12.371399999999994,12.797500000000127,13.728200000000015,12.698999999999842,12.731499999999869,12.96510000000012,13.294499999999971,13.836900000000014,14.077400000000125,14.204499999999825,15.199299999999994,6.890300000000025,7.907699999999977,9.337600000000066,10.249500000000126,11.043999999999869,11.733999999999924,51.703199999999924,7.742099999999937,8.34900000000016,9.340999999999894,9.859900000000152,10.68690000000015,11.298500000000104,12.708300000000008,67.83170000000018,8.845800000000054,8.426899999999932,8.339899999999943,8.339300000000094,8.376999999999953,8.417899999999918,8.464799999999968,12.751600000000053,12.607700000000023,12.857500000000073,13.35940000000005,14.183699999999817,14.880400000000009,15.716599999999971,16.38760000000002,8.588799999999992,10.254300000000057,11.897899999999936,12.474699999999984,12.89149999999995,13.28469999999993,14.889100000000099,12.679499999999734,13.102499999999964,14.007000000000062,14.380400000000009,14.800799999999981,15.237900000000081,15.85779999999977,16.39469999999983,12.110599999999977,11.75649999999996,12.519700000000284,12.873199999999997,13.357899999999972,13.888699999999972,14.815300000000207,7.467099999999846,7.711299999999937,8.059999999999945,8.565099999999802,9.108699999999772,9.492199999999684,9.898499999999785,67.70479999999998,8.265499999999975,8.243199999999888,8.416700000000219,9.651099999999587,9.668499999999767,11.083200000000033,10.986300000000028,5.409500000000207,5.694400000000314,5.953100000000177,6.710999999999785,8.425600000000031,9.56269999999995,10.990299999999934,11.861199999999826,6.865800000000036,7.035400000000209,7.259300000000167,7.451800000000276,7.598100000000159,8.106899999999769,52.207000000000335,11.083700000000135,10.63630000000012,10.559099999999944,10.659300000000258,10.75709999999981,10.867600000000039,11.078899999999976,11.188599999999951,7.753100000000359,7.364700000000084,7.235900000000129,7.239000000000033,7.278799999999592,7.884099999999762,8.070300000000316,10.255999999999858,10.10590000000002,10.16989999999987,10.179699999999684,10.480799999999817,10.770799999999781,11.098700000000008,11.227499999999964,9.69589999999971,9.367999999999938,9.324500000000171,10.02749999999969,10.151800000000094,10.203500000000076,10.358899999999721,14.043099999999868,13.746399999999994,13.904099999999744,14.384100000000217,14.505100000000311,15.397099999999682,15.596800000000258,15.909200000000055,6.541999999999916,7.098899999999958,8.379399999999805,9.767199999999775,10.219900000000052,10.795200000000023,11.555899999999838,10.036899999999605,10.970200000000204,11.01780000000008,11.230800000000272,11.308899999999994,12.141399999999976,12.260200000000168,12.190900000000056,6.100399999999809,5.94360000000006,7.036599999999908,8.358000000000175,9.331099999999878,10.274199999999837,10.888700000000426,32.78710000000001,32.74459999999999,32.872299999999996,33.2496000000001,33.60200000000032,34.36169999999993,34.539999999999964,34.627500000000055,5.983200000000124,5.880800000000363,5.976599999999962,6.142800000000079,6.241799999999785,6.764199999999619,52.79489999999987,7.546699999999873,7.621999999999844,7.811900000000151,8.203300000000127,8.411200000000008,8.781799999999748,9.095499999999902,52.542999999999665,4.5055999999999585,5.233600000000024,5.996900000000096,7.1986000000001695,7.831299999999828,8.518000000000029,10.391000000000076,14.852499999999964,15.26449999999977,15.642100000000028,15.610400000000027,15.860800000000381,16.340999999999894,17.379300000000057,17.92549999999983,8.117199999999684,9.69840000000022,10.054799999999886,10.506200000000717,10.807399999999689,11.264100000000326,11.624700000000303,5.244599999999991,6.009100000000217,7.77599999999984,8.364199999999983,8.93499999999949,10.13130000000001,11.303600000000188,12.147600000000239,5.844000000000051,5.963799999999537,6.1302999999998065,6.2379000000000815,6.371299999999792,6.7590000000000146,50.89519999999993,10.46939999999995,10.409899999999652,10.384399999999914,10.52259999999933,10.676499999999578,10.78690000000006,11.193499999999403,11.485999999999876,4.673999999999978,4.395400000000336,4.777399999999943,5.927599999999984,6.9354000000003,8.547299999999268,10.557300000000396,8.018699999999626,8.829899999999725,9.783699999999953,10.756199999999808,11.433200000000397,11.926300000000083,12.285799999999654,13.458599999999933,6.5601000000006024,6.693599999999606,6.8619999999991705,7.158699999999953,7.39600000000064,8.35819999999967,49.99330000000009,7.363299999999981,8.41149999999925,9.908400000000256,10.806700000000092,13.02520000000004,13.867599999999584,14.08219999999983,14.427099999999882,8.722799999999552,8.412599999999657,10.312200000000303,10.173999999999978,10.297500000000582,10.471300000000156,51.28700000000026,11.229600000000573,10.977700000000368,11.013200000000325,11.919700000000375,12.202299999999923,12.313799999999901,12.349200000000565,12.415799999999763,5.701299999999719,6.469500000000153,6.842200000000048,8.031599999999344,8.612299999999777,8.944400000000314,51.36909999999989,3.8594999999995707,3.8524999999999636,4.635200000000623,5.651100000000042,6.860200000000077,7.588999999999942,8.951200000000426,10.462199999999939,7.330399999999827,8.991399999999885,10.04989999999998,11.254100000000108,12.308200000000397,13.986899999999878,50.1211000000003,5.764400000000023,5.877700000000004,6.066100000000006,6.365000000000691,6.780500000000757,7.198500000000422,9.286000000000058,50.78520000000026,10.251299999999901,10.152299999999741,10.499499999999898,10.933200000000397,11.394600000000537,11.765900000000329,11.868999999999687,6.085299999999734,6.380699999999706,7.264000000000124,9.281299999999646,10.190899999999601,10.854199999999764,12.070200000000114,12.774400000000242,7.093899999999849,7.389199999999619,7.587900000000445,7.905400000000554,8.064300000000003,8.330299999999625,8.610900000000584,8.870999999999185,8.704799999999523,9.045599999999467,9.661699999999655,10.16490000000067,10.59479999999985,11.033400000000256,11.753999999999905,8.07090000000062,7.982300000000578,8.035600000000159,8.200600000000122,8.33429999999953,8.432099999999991,8.651600000000144,9.20470000000023,9.73660000000018,10.680399999999281,11.151899999999841,11.358900000000176,11.60490000000027,11.749899999999798,11.929700000000594,7.091099999999642,8.460900000000038,9.316800000000512,