{"workerId":"L300-W3","rps":75,"durationSec":8,"targetFlows":600,"launched":600,"throttled":0,"completed":600,"success":20,"successRate":3.3333333333333335,"achievedRps":68.54960159485677,"wallMs":8752.7861,"p50":7.235899999999674,"p95":61.18029999999999,"max":704.1245,"topErrors":[{"error":"demo/start failed (429)","count":580}],"latencies":[100.2892,101.471,120.74670000000003,121.78739999999999,151.44439999999997,151.68890000000005,152.23679999999996,59.726999999999975,61.18029999999999,61.60080000000005,61.87230000000005,191.64520000000005,191.97499999999997,192.40700000000004,192.58270000000005,192.41160000000002,150.83619999999996,151.02049999999997,43.6160000000001,43.640499999999975,43.776899999999955,43.905399999999986,43.894000000000005,44.38070000000005,44.78110000000004,45.39359999999999,186.19860000000006,48.321699999999964,48.86659999999995,49.87180000000001,50.60410000000002,51.19420000000002,51.31009999999992,51.857399999999984,63.732099999999946,63.81020000000001,64.19479999999999,64.58659999999998,64.73929999999996,64.64919999999995,63.201599999999985,63.01869999999997,623.3098,704.1245,664.0156,51.5775000000001,51.78240000000005,52.57219999999995,53.02800000000002,53.52750000000003,53.89869999999996,54.25450000000001,11.60209999999995,11.982900000000086,13.353700000000117,14.246999999999957,14.878700000000094,15.372899999999845,16.066800000000057,16.409799999999905,6.684399999999869,7.067000000000007,7.49980000000005,7.629100000000108,7.686000000000149,8.241700000000037,9.16840000000002,8.208599999999933,8.740600000000086,9.142500000000155,9.324399999999969,9.565200000000004,9.926200000000108,10.604599999999891,11.624599999999873,8.35329999999999,8.49980000000005,8.474199999999882,8.710500000000138,9.014400000000023,9.197599999999966,50.475599999999986,5.114299999999957,4.690699999999879,4.5934000000002015,4.6254999999998745,4.951999999999998,5.2965999999998985,5.863799999999856,5.938999999999851,6.300000000000182,6.337399999999889,5.384399999999914,5.451099999999997,5.695799999999963,6.503999999999905,7.075400000000172,7.190399999999954,7.24330000000009,7.658100000000104,8.045399999999972,8.277599999999893,8.364500000000135,9.29040000000009,49.90059999999994,10.723899999999958,10.185900000000174,10.688799999999901,11.13720000000012,11.841800000000148,12.754300000000057,13.482700000000023,3.954300000000103,4.136799999999994,5.192399999999907,5.976699999999937,6.431699999999864,6.894999999999982,7.610699999999952,8.260700000000043,7.149499999999989,4.723799999999983,5.1159999999999854,5.390699999999924,5.740400000000136,5.954200000000128,46.809200000000146,5.057199999999739,5.971000000000004,6.8648999999995794,7.564600000000155,8.18289999999979,8.898299999999836,9.653699999999844,10.624299999999948,5.038600000000315,4.9848000000001775,5.428599999999733,5.674099999999726,6.640400000000227,6.771200000000135,7.35590000000002,4.355799999999817,4.12480000000005,4.264799999999923,4.412599999999657,4.6340000000000146,5.063799999999901,5.341399999999794,5.8802999999998065,9.40689999999995,9.440900000000056,9.480099999999766,9.363199999999779,9.110400000000027,9.072000000000116,50.86239999999998,6.355999999999767,7.369099999999889,7.723100000000159,8.147199999999884,8.314699999999903,8.655900000000202,9.087599999999838,9.411299999999756,7.088400000000092,7.3762000000001535,9.109800000000178,9.954899999999725,10.78480000000036,11.07470000000012,11.044800000000123,7.5306000000000495,7.710599999999886,8.068699999999808,8.414899999999761,8.413100000000213,8.463400000000092,8.507799999999861,50.03760000000011,7.63760000000002,8.344099999999798,8.280099999999948,9.06939999999986,9.565099999999802,6.999699999999848,7.155299999999897,5.581499999999778,5.365900000000238,5.7654999999999745,5.706700000000183,5.701399999999921,6.459400000000187,6.973100000000159,7.520899999999983,6.008800000000065,6.3814000000002125,6.514599999999973,6.548900000000231,6.547399999999925,6.386599999999817,6.297299999999723,8.376999999999953,8.132700000000114,8.653099999999995,8.811299999999846,9.345499999999902,9.699599999999919,10.060699999999997,10.71939999999995,5.996599999999944,6.423999999999978,6.411099999999806,6.453600000000279,6.571400000000267,6.6361000000001695,6.73720000000003,6.270299999999679,6.085199999999986,6.173999999999978,6.571300000000065,6.816899999999805,7.01030000000037,7.23929999999973,7.7106000000003405,9.090699999999742,10.344099999999798,10.39409999999998,11.47019999999975,11.94880000000012,12.656199999999899,13.5341999999996,5.13149999999996,4.994499999999789,5.016299999999774,5.582100000000082,5.816599999999653,6.796400000000176,7.222700000000259,7.599999999999909,6.839199999999892,6.69419999999991,6.887299999999868,7.148000000000138,7.60570000000007,7.883200000000215,8.731999999999971,9.919499999999971,10.031799999999748,10.302900000000136,10.37059999999974,10.535099999999602,10.671699999999873,10.832499999999982,50.170700000000124,5.172900000000027,5.051500000000033,5.128700000000208,5.050999999999931,5.113599999999678,5.261299999999665,5.378200000000106,4.537899999999809,4.571800000000167,4.785199999999804,4.98720000000003,5.4340000000001965,5.854499999999916,6.451199999999972,6.842799999999897,7.780399999999645,8.167499999999563,8.596999999999753,9.048799999999574,9.6257999999998,9.863900000000285,51.021600000000035,3.9048000000002503,3.8427999999994427,4.297199999999975,4.89890000000014,5.366700000000492,5.953399999999419,6.282900000000154,6.841900000000351,4.943299999999908,4.702800000000025,4.7390000000004875,5.004899999999907,5.133899999999812,5.3740999999999985,5.671699999999873,9.797499999999673,9.853699999999662,10.242299999999886,10.337400000000343,10.606999999999971,10.982699999999568,10.289099999999962,50.10729999999967,7.207100000000537,8.249799999999595,8.306399999999485,9.05580000000009,9.567799999999806,9.932600000000093,10.219699999999648,6.7236000000002605,6.680000000000291,6.625499999999192,6.645199999999932,6.583099999999831,6.600900000000365,7.026800000000549,7.426900000000387,6.243500000000495,6.070299999999406,6.744499999999789,7.087199999999939,7.653400000000147,8.648999999999432,9.155399999999645,7.8221999999996115,7.518699999999626,7.5559000000002925,7.5628999999999,8.303600000000188,8.951000000000022,9.387499999999818,9.703099999999722,7.235899999999674,7.050900000000183,6.977499999999964,7.74369999999999,8.155399999999645,8.293099999999868,8.484000000000378,5.281100000000151,5.018000000000029,5.276499999999942,5.474799999999959,5.982699999999568,6.229500000000371,6.688200000000506,7.113299999999981,7.440400000000409,7.396099999999933,7.3846999999996115,7.287199999999757,7.479699999999866,8.297599999999875,50.989700000000084,4.610599999999977,4.544100000000071,4.5590000000001965,4.6185999999997875,4.642800000000534,5.2645000000002256,5.538900000000467,5.789200000000164,7.380200000000514,7.091400000000249,6.9726999999993495,6.978900000000067,7.241899999999987,7.43329999999969,7.716300000000047,7.228399999999965,7.247199999999793,7.387400000000525,7.47609999999986,7.654100000000653,7.802499999999782,7.972099999999955,51.30749999999989,4.626599999999598,4.324100000000726,4.382999999999811,4.855500000000575,5.201200000000426,5.455799999999726,5.695800000000418,6.389200000000528,6.630799999999908,6.937400000000707,7.123599999999897,7.544600000000173,8.447599999999511,8.999500000000808,10.131899999999405,7.774300000000039,7.811499999999796,7.903999999999542,8.139599999999518,8.211200000000645,8.715700000000652,51.069000000000415,4.388500000000022,4.480399999999463,4.756999999999607,5.102799999999661,5.532500000000255,5.656199999999444,5.736100000000079,5.777099999999336,6.227899999999863,6.028400000000147,5.957699999999932,6.422800000000279,6.761800000000221,7.0120999999999185,7.285399999999754,7.641200000000026,7.501900000000205,7.909599999999955,8.361700000000383,8.78020000000015,9.092899999999645,9.411399999999958,9.956600000000435,7.10320000000047,6.929700000000594,6.885599999999613,6.831999999999425,