{"workerId":"L300-W4","rps":75,"durationSec":8,"targetFlows":600,"launched":600,"throttled":0,"completed":600,"success":29,"successRate":4.833333333333333,"achievedRps":68.68711022497615,"wallMs":8735.2634,"p50":5.83869999999979,"p95":62.857000000000085,"max":686.6773000000001,"topErrors":[{"error":"demo/start failed (429)","count":571}],"latencies":[101.94129999999998,119.74879999999996,120.78970000000001,152.0457,152.60070000000002,152.92770000000002,60.191599999999994,60.295799999999986,60.35299999999995,60.649500000000046,184.10989999999998,188.9617,185.63030000000003,185.5349,185.64439999999996,142.15050000000002,143.00309999999996,144.03910000000002,49.24380000000008,49.01329999999996,49.76419999999996,49.86809999999991,50.06910000000005,50.35630000000003,50.74930000000006,51.3445999999999,39.968599999999924,40.00670000000002,40.96889999999996,41.59409999999991,41.961599999999976,42.19449999999995,42.6866,594.299,594.7946000000001,62.8732,63.0003999999999,63.05370000000005,63.13170000000002,63.04480000000001,62.857000000000085,62.76270000000011,672.9069999999999,686.6773000000001,50.44219999999996,51.44799999999998,52.07339999999999,53.07839999999999,54.49630000000002,58.90510000000006,59.84649999999999,15.072400000000016,15.597899999999981,15.857700000000023,16.032699999999977,16.29869999999994,16.829700000000003,16.970300000000066,253.74180000000013,86.3798999999999,5.8935999999998785,5.959799999999859,5.998699999999872,6.119999999999891,6.184700000000021,6.763500000000022,7.938599999999951,5.310399999999845,5.489299999999957,6.5371000000000095,7.199999999999818,7.883199999999988,8.940500000000156,9.518199999999979,10.913600000000088,6.128099999999904,6.557999999999993,7.297800000000052,6.861699999999928,7.032400000000052,8.082700000000159,8.966400000000021,7.669399999999996,8.052700000000186,8.481899999999996,8.787900000000036,9.86349999999993,10.274599999999964,10.63799999999992,51.065900000000056,4.776299999999992,4.9254000000000815,5.6358000000000175,6.079999999999927,6.699600000000146,7.451399999999921,8.077999999999975,7.229600000000119,7.100500000000011,7.208100000000059,7.432399999999916,7.77189999999996,7.811100000000124,8.00649999999996,8.216000000000122,7.1935000000000855,7.531199999999899,7.7430000000001655,7.961800000000039,8.073900000000094,8.131200000000035,68.02610000000004,4.428700000000163,4.086900000000014,4.147300000000087,4.723300000000108,6.1194000000000415,6.753400000000056,7.016999999999825,7.872500000000173,4.706899999999905,4.5577999999998156,4.949499999999944,5.214599999999791,6.062799999999925,6.895300000000134,7.3172000000001844,6.377899999999954,6.420500000000175,6.483799999999974,6.676100000000133,7.137900000000172,7.846700000000055,8.265800000000127,51.51850000000013,5.591399999999794,5.414700000000266,5.919800000000123,6.29910000000018,7.300900000000183,7.45450000000028,7.783800000000156,5.053100000000086,4.897100000000137,5.83869999999979,6.447900000000118,7.042199999999866,7.8245999999999185,8.418700000000172,10.323100000000068,4.0925000000002,3.810399999999845,3.600500000000011,3.6382000000003245,3.748399999999947,3.8683999999998377,4.075400000000172,6.899599999999737,7.053000000000338,7.142599999999675,7.281700000000001,7.354400000000169,7.510600000000068,7.644900000000234,50.66210000000001,3.966899999999896,3.9117999999998574,4.887299999999868,5.717000000000098,6.0624000000002525,6.815200000000004,7.249700000000303,4.108600000000024,4.1042999999999665,4.445100000000366,5.047699999999622,5.789999999999964,6.520999999999731,7.906700000000001,8.61889999999994,6.563999999999851,6.592000000000098,6.942000000000007,7.058400000000347,7.31060000000025,7.611899999999878,52.14539999999988,4.599300000000312,4.033899999999903,4.070099999999911,4.359699999999975,4.535899999999856,4.682099999999991,4.7413000000001375,4.898999999999887,4.1927999999998065,4.102200000000266,4.329000000000178,4.749000000000251,4.962299999999686,5.111499999999978,5.157600000000002,7.224499999999807,7.301900000000387,7.449099999999817,7.432499999999891,7.4801000000002205,7.54930000000013,7.712199999999939,68.54860000000008,4.001299999999901,3.548899999999776,3.4270000000001346,4.464999999999691,4.772799999999734,7.333300000000236,7.572700000000168,4.128099999999904,3.972899999999754,3.919300000000021,3.920599999999922,4.515300000000025,5.096399999999903,5.511700000000019,5.9801000000002205,4.6206999999999425,4.456400000000031,5.133499999999913,7.06479999999965,7.295999999999822,7.399300000000039,97.33220000000028,10.209000000000287,10.139000000000124,10.350400000000263,11.037800000000061,11.685799999999745,11.996499999999742,12.125700000000052,12.489300000000185,3.6594999999997526,3.80600000000004,3.870100000000093,4.01319999999987,4.102699999999913,4.267700000000332,4.427999999999884,3.7705000000000837,3.660899999999856,4.682499999999891,5.500999999999749,5.903700000000299,6.219299999999748,6.359499999999571,6.544199999999819,5.861100000000079,5.832799999999679,5.930000000000291,6.109600000000228,6.23030000000017,6.308800000000247,50.911099999999806,5.635099999999966,5.6624000000001615,5.552099999999882,5.517599999999675,5.573899999999867,5.728099999999813,5.924200000000383,6.078500000000076,3.92240000000038,3.783100000000559,3.7773999999999432,4.049700000000485,4.214899999999943,4.407899999999245,4.5715000000000146,9.209899999999834,9.847399999999652,10.287199999999757,8.507200000000012,8.771999999999935,9.14890000000014,10.14010000000053,50.248499999999694,4.219999999999345,3.9384999999992942,4.250999999999294,4.416699999999764,4.600199999999859,4.751500000000306,4.899500000000444,3.4117999999998574,3.829099999999926,4.027800000000752,4.484999999999673,5.018900000000031,5.3838000000005195,5.700699999999415,6.141999999999825,6.541999999999462,6.504100000000108,6.543899999999667,6.730100000000675,6.90520000000015,7.3091999999996915,50.77050000000054,4.266599999999926,4.245300000000498,4.273000000000138,4.380799999999908,4.476299999999355,4.431100000000697,4.387200000000121,4.4463000000005195,3.762499999999818,3.861300000000483,4.1229999999995925,4.252800000000207,4.3763000000008105,4.63839999999982,4.860399999999572,3.71770000000015,3.6481999999996333,6.354099999999562,6.5057000000006155,6.441100000000006,6.7367999999996755,6.814900000000307,65.1899999999996,3.9161000000003696,4.230099999999766,4.669200000000274,4.828899999999521,4.995499999999993,5.225699999999961,5.387399999999616,4.027399999999943,3.985899999999674,4.041000000000167,4.2763999999997395,4.461699999999837,5.027900000000045,5.379799999999705,5.815400000000409,4.10359999999946,3.9767000000001644,4.378600000000006,4.869800000000396,5.1259000000000015,5.358299999999872,5.842800000000352,5.905300000000352,6.064300000000003,6.311700000000201,6.472999999999956,6.695400000000518,6.9427999999998065,7.825300000000425,50.85360000000037,3.637800000000425,3.6840999999994892,4.356899999999769,4.675900000000183,4.892499999999927,5.017699999999422,5.104800000000068,3.8171000000002095,3.9297999999998865,3.985099999999875,4.091900000000351,4.224300000000767,4.300199999999677,4.410700000000361,4.632599999999911,6.01299999999992,6.077800000000025,6.251400000000103,6.4432000000006155,6.79989999999998,6.962100000000646,51.827400000000125,4.204999999999927,4.10320000000047,4.018999999999323,4.393900000000031,4.544199999999364,4.731600000000071,5.318000000000211,5.886599999999817,3.960900000000038,3.8463000000001557,4.107899999999972,4.443000000000211,4.711999999999534,4.9859000000005835,5.089899999999943,5.516099999999824,5.7015999999994165,5.947100000000319,6.328300000000127,6.750099999999293,7.230800000000272,7.605099999999766,50.69660000000022,4.150200000000041,3.7458999999998923,3.6022000000002663,3.6746000000002823,3.847500000000764,3.980199999999968,4.136400000000322,4.2434000000002925,4.374200000000201,4.542300000000068,4.706499999999323,4.807600000000093,5.183599999999387,5.371900000000096,5.68369999999959,5.366699999999582,5.483799999999974,5.565299999999297,5.696799999999712,